factor,subgroup,breaks,pen_smooth,pen_reg,timevarying_hr,ISE_ctrl,ISE_trt,MAD_ctrl,MAD_trt,ISE_sum,S24_ctrl,S24_trt,RMST24_ctrl,RMST24_trt,dS24,dRMST24
Chromosome 1p/19q codeletion status,Codeleted,"0,12,24,30",5e-05,1e-05,True,0.0036700924478442975,0.0012063896399979528,0.15374445442643114,0.1444845601953184,0.0048764820878422505,0.05643179791154486,0.42560963815829317,13.315670410651478,18.98589701371313,0.3691778402467483,5.6702266030616535
Chromosome 1p/19q codeletion status,Non-codeleted,"0,12,24,30",5e-05,1e-05,True,0.0036700924478442975,0.0012063896399979528,0.15374445442643114,0.1444845601953184,0.0048764820878422505,0.5037782921744848,0.7311051511034199,16.32947844670925,20.03374627092835,0.22732685892893512,3.7042678242191016
Chromosome 1p/19q codeletion status,Codeleted,"0,12,24,30",5e-05,5e-05,True,0.0036941176803781607,0.0012284987311062588,0.15235733188608047,0.14229629039304525,0.00492261641148442,0.05911900374702706,0.4308687418622411,13.249392940471656,18.976679172564598,0.37174973811521406,5.727286232092942
Chromosome 1p/19q codeletion status,Non-codeleted,"0,12,24,30",5e-05,5e-05,True,0.0036941176803781607,0.0012284987311062588,0.15235733188608047,0.14229629039304525,0.00492261641148442,0.49510842875495575,0.7251150731291925,16.388609490263715,20.058080617342664,0.2300066443742368,3.6694711270789497
Chromosome 1p/19q codeletion status,Codeleted,"0,12,24,30",5e-05,0.0001,True,0.004372052804833285,0.0011623611719852112,0.13984975876841843,0.15632799923779872,0.005534413976818496,0.2291021330243726,0.6282355396682298,14.655329676954977,20.162869580472375,0.39913340664385716,5.507539903517397
Chromosome 1p/19q codeletion status,Non-codeleted,"0,12,24,30",5e-05,0.0001,True,0.004372052804833285,0.0011623611719852112,0.13984975876841843,0.15632799923779872,0.005534413976818496,0.2421753023225197,0.517831577774535,14.795887142835031,18.8021147499314,0.2756562754520153,4.006227607096367
Chromosome 1p/19q codeletion status,Codeleted,"0,12,24,30",5e-05,0.0005,True,0.003986894207572935,0.0014133786088339746,0.1398115110363416,0.12457960315282834,0.005400272816406909,0.39017381375717824,0.7488187259944642,15.853398923306282,20.961645696841412,0.35864491223728595,5.1082467735351305
Chromosome 1p/19q codeletion status,Non-codeleted,"0,12,24,30",5e-05,0.0005,True,0.003986894207572935,0.0014133786088339746,0.1398115110363416,0.12457960315282834,0.005400272816406909,0.10944574606113201,0.3807805849992958,13.551219125348686,17.86022797083899,0.2713348389381638,4.309008845490306
Chromosome 1p/19q codeletion status,Codeleted,"0,12,24,30",0.0001,1e-05,True,0.0037685457809704163,0.001189145019589651,0.15167918880975595,0.1468475612570045,0.004957690800560067,0.06242027428396858,0.43575074081096166,13.251618796015073,18.99105025600696,0.3733304665269931,5.739431459991888
Chromosome 1p/19q codeletion status,Non-codeleted,"0,12,24,30",0.0001,1e-05,True,0.0037685457809704163,0.001189145019589651,0.15167918880975595,0.1468475612570045,0.004957690800560067,0.4851330301569537,0.7180598422929427,16.372743131927145,20.037482521520126,0.23292681213598904,3.664739389592981
Chromosome 1p/19q codeletion status,Codeleted,"0,12,24,30",0.0001,5e-05,True,0.00377852506713297,0.0012137960063973933,0.15064184973368344,0.14427486086183927,0.004992321073530363,0.06454322868929292,0.4396514408022965,13.208438716861313,18.98630023982219,0.3751082121130036,5.777861522960876
Chromosome 1p/19q codeletion status,Non-codeleted,"0,12,24,30",0.0001,5e-05,True,0.00377852506713297,0.0012137960063973933,0.15064184973368344,0.14427486086183927,0.004992321073530363,0.4797152023714547,0.7143179078248809,16.411626137431032,20.054104802635884,0.2346027054534262,3.6424786652048518
Chromosome 1p/19q codeletion status,Codeleted,"0,12,24,30",0.0001,0.0001,True,0.004370211385434402,0.0011669070165329844,0.13938306153882185,0.15589455738770341,0.005537118401967386,0.2294738720288196,0.6284941445098722,14.655887235261545,20.16388182538592,0.39902027248105254,5.507994590124376
Chromosome 1p/19q codeletion status,Non-codeleted,"0,12,24,30",0.0001,0.0001,True,0.004370211385434402,0.0011669070165329844,0.13938306153882185,0.15589455738770341,0.005537118401967386,0.2426012652588796,0.5181761657121694,14.791213509723452,18.800387005993336,0.2755749004532898,4.009173496269884
Chromosome 1p/19q codeletion status,Codeleted,"0,12,24,30",0.0001,0.0005,True,0.004024560157881531,0.0014026757095551435,0.13914171960795607,0.12578887808859573,0.0054272358674366744,0.3820694831046028,0.7437830391999678,15.837923282258075,20.944615643096075,0.361713556095365,5.106692360838
Chromosome 1p/19q codeletion status,Non-codeleted,"0,12,24,30",0.0001,0.0005,True,0.004024560157881531,0.0014026757095551435,0.13914171960795607,0.12578887808859573,0.0054272358674366744,0.11488945100231371,0.3869760214646152,13.55917103345493,17.875683150562416,0.27208657046230145,4.316512117107486
Chromosome 1p/19q codeletion status,Codeleted,"0,12,24,30",0.0005,1e-05,True,0.0041139079261640725,0.0011504175095052352,0.14313353372697912,0.15398599606546792,0.005264325435669308,0.09420622330466143,0.48150494840179037,13.233184347795824,19.120161600734697,0.3872987250971289,5.886977252938873
Chromosome 1p/19q codeletion status,Non-codeleted,"0,12,24,30",0.0005,1e-05,True,0.0041139079261640725,0.0011504175095052352,0.14313353372697912,0.15398599606546792,0.005264325435669308,0.4192631567531259,0.6700068793076643,16.297017678429924,19.920249360972456,0.2507437225545384,3.6232316825425315
Chromosome 1p/19q codeletion status,Codeleted,"0,12,24,30",0.0005,5e-05,True,0.004381136729382257,0.001164524920558393,0.13909456917227392,0.15710273929486485,0.00554566164994065,0.22978629342559984,0.6278403960592841,14.598907711354737,20.13349483061569,0.39805410263368424,5.5345871192609515
Chromosome 1p/19q codeletion status,Non-codeleted,"0,12,24,30",0.0005,5e-05,True,0.004381136729382257,0.001164524920558393,0.13909456917227392,0.15710273929486485,0.00554566164994065,0.24707438920749483,0.5214887092429129,14.826396129576244,18.822192647357312,0.2744143200354181,3.995796517781068
Chromosome 1p/19q codeletion status,Codeleted,"0,12,24,30",0.0005,0.0001,True,0.004368735640757892,0.0011876897319729838,0.13932564239331025,0.15426539560887542,0.005556425372730876,0.23185548997435967,0.6299022840235704,14.621006249406943,20.14965632594291,0.39804679404921073,5.528650076535968
Chromosome 1p/19q codeletion status,Non-codeleted,"0,12,24,30",0.0005,0.0001,True,0.004368735640757892,0.0011876897319729838,0.13932564239331025,0.15426539560887542,0.005556425372730876,0.24554481444639603,0.5202866316765046,14.800118632252625,18.80677382323207,0.27474181723010854,4.006655190979446
Chromosome 1p/19q codeletion status,Codeleted,"0,12,24,30",0.0005,0.0005,True,0.004214522952385354,0.0013540177968861772,0.1402089151635414,0.13267461077984194,0.0055685407492715305,0.33026523223900905,0.7094605944751847,15.55149336865017,20.753655776639878,0.37919536223617567,5.202162407989707
Chromosome 1p/19q codeletion status,Non-codeleted,"0,12,24,30",0.0005,0.0005,True,0.004214522952385354,0.0013540177968861772,0.1402089151635414,0.13267461077984194,0.0055685407492715305,0.155383848695798,0.43167278691354993,13.796829602639827,18.09428698336962,0.2762889382177519,4.297457380729794
Chromosome 1p/19q codeletion status,Codeleted,"0,12,24,30",0.001,1e-05,True,0.004242423699024515,0.001167368217331509,0.138910105377812,0.1547001942959788,0.005409791916356024,0.12196298162830166,0.5155759285011942,13.358384818364964,19.271395453559407,0.3936129468728925,5.913010635194443
Chromosome 1p/19q codeletion status,Non-codeleted,"0,12,24,30",0.001,1e-05,True,0.004242423699024515,0.001167368217331509,0.138910105377812,0.1547001942959788,0.005409791916356024,0.38273661363409855,0.6406869423093368,16.11410907653289,19.764658953031564,0.2579503286752382,3.6505498764986726
Chromosome 1p/19q codeletion status,Codeleted,"0,12,24,30",0.001,5e-05,True,0.004391130891689693,0.0011829796356514857,0.14136562413284948,0.15605655552071973,0.005574110527341178,0.2341690249863519,0.6309554026297158,14.597623975763266,20.13842824625548,0.39678637764336394,5.540804270492213
Chromosome 1p/19q codeletion status,Non-codeleted,"0,12,24,30",0.001,5e-05,True,0.004391130891689693,0.0011829796356514857,0.14136562413284948,0.15605655552071973,0.005574110527341178,0.2482433316462828,0.5218973517115172,14.791919692948643,18.80137210170558,0.2736540200652344,4.009452408756939
Chromosome 1p/19q codeletion status,Codeleted,"0,12,24,30",0.001,0.0001,True,0.004381906790708379,0.0012004898716434685,0.14157241413065325,0.15390272731221188,0.005582396662351847,0.2357251804408639,0.6325709750781416,14.613318434007914,20.15121133272158,0.39684579463727776,5.537892898713666
Chromosome 1p/19q codeletion status,Non-codeleted,"0,12,24,30",0.001,0.0001,True,0.004381906790708379,0.0012004898716434685,0.14157241413065325,0.15390272731221188,0.005582396662351847,0.2467940647531074,0.5207974649044645,14.76926034543444,18.78867975902393,0.27400340015135716,4.019419413589489
Chromosome 1p/19q codeletion status,Codeleted,"0,12,24,30",0.001,0.0005,True,0.0043177054056463895,0.001328668199056784,0.14284663385510454,0.1381779170605717,0.0056463736047031735,0.28484362628072846,0.6752555384894499,15.139469732373676,20.49884678063335,0.3904119122087214,5.359377048259674
Chromosome 1p/19q codeletion status,Non-codeleted,"0,12,24,30",0.001,0.0005,True,0.0043177054056463895,0.001328668199056784,0.14284663385510454,0.1381779170605717,0.0056463736047031735,0.19817286079845045,0.47547115819247326,14.168274958709972,18.384799352276737,0.2772982973940228,4.216524393566765
Chromosome 1p/19q codeletion status,Codeleted,"0,12,24,30",0.005,1e-05,True,0.004684383156030362,0.0012299148594732514,0.15427259282137606,0.16365016916540098,0.005914298015503613,0.25086427871851047,0.6414964924535329,14.522373285650273,20.117269854108855,0.39063221373502244,5.594896568458582
Chromosome 1p/19q codeletion status,Non-codeleted,"0,12,24,30",0.005,1e-05,True,0.004684383156030362,0.0012299148594732514,0.15427259282137606,0.16365016916540098,0.005914298015503613,0.2585397750766734,0.5282363754567542,14.617420986191524,18.701663066654792,0.26969660038008075,4.084242080463268
Chromosome 1p/19q codeletion status,Codeleted,"0,12,24,30",0.005,5e-05,True,0.00467678090312183,0.0012337279490664344,0.15430139988123692,0.16287927369517885,0.0059105088521882645,0.2508335996439191,0.641683345950241,14.523559113201824,20.119690687508317,0.3908497463063219,5.596131574306494
Chromosome 1p/19q codeletion status,Non-codeleted,"0,12,24,30",0.005,5e-05,True,0.00467678090312183,0.0012337279490664344,0.15430139988123692,0.16287927369517885,0.0059105088521882645,0.25793090653250905,0.5278741412622214,14.609732942895453,18.698080426163344,0.2699432347297124,4.08834748326789
Chromosome 1p/19q codeletion status,Codeleted,"0,12,24,30",0.005,0.0001,True,0.004669213147277283,0.0012380216183813827,0.15437640376211925,0.16198871886732868,0.005907234765658666,0.25075181562029275,0.6418211780902174,14.521799739373535,20.121276076260248,0.3910693624699247,5.599476336886713
Chromosome 1p/19q codeletion status,Non-codeleted,"0,12,24,30",0.005,0.0001,True,0.004669213147277283,0.0012380216183813827,0.15437640376211925,0.16198871886732868,0.005907234765658666,0.2573287502502458,0.5275819831600485,14.603058578736604,18.697015537182235,0.27025323290980263,4.093956958445631
Chromosome 1p/19q codeletion status,Codeleted,"0,12,24,30",0.005,0.0005,True,0.004615738469414956,0.0012797896982413598,0.15489902591333637,0.15462753517614025,0.005895528167656316,0.25112809277823334,0.6441033380250396,14.541994519471157,20.151019687245302,0.39297524524680627,5.609025167774146
Chromosome 1p/19q codeletion status,Non-codeleted,"0,12,24,30",0.005,0.0005,True,0.004615738469414956,0.0012797896982413598,0.15489902591333637,0.15462753517614025,0.005895528167656316,0.2508369144367116,0.5237270622657625,14.510774473385588,18.658037869705687,0.2728901478290509,4.147263396320099
Chromosome 1p/19q codeletion status,Codeleted,"0,12,24,30",0.01,1e-05,True,0.005149645419113726,0.001317973694466961,0.1645440984949328,0.1730335248054936,0.006467619113580687,0.26182897347427314,0.6484536037660018,14.422618282698682,20.076495538255173,0.38662463029172867,5.653877255556491
Chromosome 1p/19q codeletion status,Non-codeleted,"0,12,24,30",0.01,1e-05,True,0.005149645419113726,0.001317973694466961,0.1645440984949328,0.1730335248054936,0.006467619113580687,0.2677971545540595,0.5351548409690663,14.504013161414615,18.636748912637913,0.2673576864150068,4.132735751223297
Chromosome 1p/19q codeletion status,Codeleted,"0,12,24,30",0.01,5e-05,True,0.005140302162751649,0.001318222792536697,0.16457348294318563,0.17247848086618922,0.006458524955288346,0.2615490931194754,0.6484091004744463,14.420795050952426,20.07722900058652,0.38686000735497095,5.656433949634094
Chromosome 1p/19q codeletion status,Non-codeleted,"0,12,24,30",0.01,5e-05,True,0.005140302162751649,0.001318222792536697,0.16457348294318563,0.17247848086618922,0.006458524955288346,0.26728505650692275,0.5348984492568543,14.498269972418699,18.63521714268451,0.2676133927499315,4.136947170265811
Chromosome 1p/19q codeletion status,Codeleted,"0,12,24,30",0.01,0.0001,True,0.005129061582546941,0.0013186264378269258,0.1646119137846217,0.1717845525086089,0.006447688020373867,0.2612069235284804,0.6483574562109032,14.418584031703244,20.07818058068517,0.38715053268242283,5.659596548981927
Chromosome 1p/19q codeletion status,Non-codeleted,"0,12,24,30",0.01,0.0001,True,0.005129061582546941,0.0013186264378269258,0.1646119137846217,0.1717845525086089,0.006447688020373867,0.2666454058630418,0.5345739544195689,14.491018638657549,18.633242492674583,0.2679285485565271,4.142223854017034
Chromosome 1p/19q codeletion status,Codeleted,"0,12,24,30",0.01,0.0005,True,0.0050546989860888935,0.001325725463099287,0.16497466513531767,0.16631034833083946,0.0063804244491881806,0.2588587660992914,0.6482208072340879,14.406109403002612,20.08838881504172,0.3893620411347965,5.68227941203911
Chromosome 1p/19q codeletion status,Non-codeleted,"0,12,24,30",0.01,0.0005,True,0.0050546989860888935,0.001325725463099287,0.16497466513531767,0.16631034833083946,0.0063804244491881806,0.2613266806723887,0.5317411658280856,14.426854899138796,18.61317059683256,0.27041448515569694,4.1863156976937645
Chromosome 1p/19q codeletion status,Codeleted,"0,6,12,18,24,30",5e-05,1e-05,True,0.0011524089601738345,0.0009549811333814619,0.09036576519512451,0.15680692384538264,0.0021073900935552965,0.3615058657172235,0.7276566775053953,15.638864565524383,20.741123527529123,0.3661508117881718,5.10225896200474
Chromosome 1p/19q codeletion status,Non-codeleted,"0,6,12,18,24,30",5e-05,1e-05,True,0.0011524089601738345,0.0009549811333814619,0.09036576519512451,0.15680692384538264,0.0021073900935552965,0.17257105217536184,0.4478456582796507,14.377794904123313,18.3391253801978,0.2752746061042889,3.9613304760744867
Chromosome 1p/19q codeletion status,Codeleted,"0,6,12,18,24,30",5e-05,5e-05,True,0.001170628727075668,0.0009693846759476768,0.09147004693354277,0.1546319058447413,0.002140013403023345,0.3433406809549347,0.7153093779791532,15.542725754593414,20.67348762098946,0.3719686970242185,5.130761866396044
Chromosome 1p/19q codeletion status,Non-codeleted,"0,6,12,18,24,30",5e-05,5e-05,True,0.001170628727075668,0.0009693846759476768,0.09147004693354277,0.1546319058447413,0.002140013403023345,0.18779054756216862,0.46388740951140717,14.443986008546407,18.41060968614014,0.27609686194923855,3.9666236775937342
Chromosome 1p/19q codeletion status,Codeleted,"0,6,12,18,24,30",5e-05,0.0001,True,0.0012011245086159211,0.000973619501982177,0.0925454900164544,0.15341440408568718,0.002174744010598098,0.32579077827292235,0.7031162663943697,15.43479509846189,20.59838747572844,0.3773254881214474,5.16359237726655
Chromosome 1p/19q codeletion status,Non-codeleted,"0,6,12,18,24,30",5e-05,0.0001,True,0.0012011245086159211,0.000973619501982177,0.0925454900164544,0.15341440408568718,0.002174744010598098,0.20161596475630014,0.47811266030405325,14.517855257072458,18.490180358515428,0.27649669554775314,3.9723251014429692
Chromosome 1p/19q codeletion status,Codeleted,"0,6,12,18,24,30",5e-05,0.0005,True,0.0013150943262584139,0.0010531168187428014,0.0995288533586367,0.14231516113651976,0.0023682111450012153,0.2737670770281398,0.6650950352804209,15.013087292495138,20.34069239394638,0.3913279582522811,5.327605101451242
Chromosome 1p/19q codeletion status,Non-codeleted,"0,6,12,18,24,30",5e-05,0.0005,True,0.0013150943262584139,0.0010531168187428014,0.0995288533586367,0.14231516113651976,0.0023682111450012153,0.2444120744225299,0.5215655477251706,14.755138169804862,18.73388309953434,0.27715347330264073,3.9787449297294764
Chromosome 1p/19q codeletion status,Codeleted,"0,6,12,18,24,30",0.0001,1e-05,True,0.0011810874080525335,0.0009532220927739173,0.0909708920615554,0.15715819638897166,0.0021343095008264507,0.3444835896245293,0.7160003446889485,15.588050032447281,20.698360624023167,0.37151675506441917,5.110310591575885
Chromosome 1p/19q codeletion status,Non-codeleted,"0,6,12,18,24,30",0.0001,1e-05,True,0.0011810874080525335,0.0009532220927739173,0.0909708920615554,0.15715819638897166,0.0021343095008264507,0.18589704917105862,0.46206466978600896,14.4063139856879,18.378811008437943,0.27616762061495037,3.9724970227500425
Chromosome 1p/19q codeletion status,Codeleted,"0,6,12,18,24,30",0.0001,5e-05,True,0.0012045298734072263,0.0009609857203341072,0.09195155825668677,0.15531758362011738,0.0021655155937413337,0.32865746618979674,0.7050181410008541,15.45500362006556,20.61081374488932,0.3763606748110574,5.155810124823761
Chromosome 1p/19q codeletion status,Non-codeleted,"0,6,12,18,24,30",0.0001,5e-05,True,0.0012045298734072263,0.0009609857203341072,0.09195155825668677,0.15531758362011738,0.0021655155937413337,0.19899870710734407,0.4753823362573499,14.511956484050716,18.476092442264182,0.2763836291500058,3.9641359582134665
Chromosome 1p/19q codeletion status,Codeleted,"0,6,12,18,24,30",0.0001,0.0001,True,0.0012281249048855447,0.0009675277063680023,0.09325609872418272,0.15414691889740584,0.002195652611253547,0.3129707625236109,0.6937667912185052,15.352844897178981,20.542725045350757,0.38079602869489426,5.189880148171776
Chromosome 1p/19q codeletion status,Non-codeleted,"0,6,12,18,24,30",0.0001,0.0001,True,0.0012281249048855447,0.0009675277063680023,0.09325609872418272,0.15414691889740584,0.002195652611253547,0.2118917737606814,0.48844862539158873,14.580773046087844,18.544398873927197,0.2765568516309073,3.963625827839353
Chromosome 1p/19q codeletion status,Codeleted,"0,6,12,18,24,30",0.0001,0.0005,True,0.0013363400872319136,0.0010468964061176764,0.09984410898428953,0.14276968871309992,0.00238323649334959,0.26982447452558905,0.6618772384951904,14.97670292559425,20.316467868935803,0.39205276396960137,5.339764943341553
Chromosome 1p/19q codeletion status,Non-codeleted,"0,6,12,18,24,30",0.0001,0.0005,True,0.0013363400872319136,0.0010468964061176764,0.09984410898428953,0.14276968871309992,0.00238323649334959,0.24709954575085416,0.5239524147604977,14.78402081864808,18.754535470378947,0.27685286900964357,3.9705146517308663
Chromosome 1p/19q codeletion status,Codeleted,"0,6,12,18,24,30",0.0005,1e-05,True,0.0014071277625202843,0.0008869758060519149,0.09546187107801085,0.16391627771558082,0.0022941035685721993,0.23828881141079422,0.6339204578428828,14.515489931557719,20.008785633411954,0.39563164643208854,5.493295701854235
Chromosome 1p/19q codeletion status,Non-codeleted,"0,6,12,18,24,30",0.0005,1e-05,True,0.0014071277625202843,0.0008869758060519149,0.09546187107801085,0.16391627771558082,0.0022941035685721993,0.2762300609563043,0.5480366315948026,15.382811887884133,19.126965519579173,0.27180657063849833,3.74415363169504
Chromosome 1p/19q codeletion status,Codeleted,"0,6,12,18,24,30",0.0005,5e-05,True,0.0014069406451051657,0.0008973420577167272,0.09603214964408413,0.16203993035579944,0.002304282702821893,0.24120438665534366,0.6365561401779982,14.563780475390473,20.041034906280345,0.39535175352265456,5.477254430889872
Chromosome 1p/19q codeletion status,Non-codeleted,"0,6,12,18,24,30",0.0005,5e-05,True,0.0014069406451051657,0.0008973420577167272,0.09603214964408413,0.16203993035579944,0.002304282702821893,0.27309307143464784,0.5453778651370669,15.315841934668818,19.08493962719517,0.27228479370241904,3.7690976925263513
Chromosome 1p/19q codeletion status,Codeleted,"0,6,12,18,24,30",0.0005,0.0001,True,0.0014087580470682844,0.0009096377996065315,0.09683930086572468,0.16005951884766112,0.0023183958466748158,0.2443462905778009,0.6393360651629976,14.609921643342986,20.072484994302414,0.3949897745851967,5.462563350959428
Chromosome 1p/19q codeletion status,Non-codeleted,"0,6,12,18,24,30",0.0005,0.0001,True,0.0014087580470682844,0.0009096377996065315,0.09683930086572468,0.16005951884766112,0.0023183958466748158,0.27010947646252503,0.5428060737471188,15.24719519451931,19.0417882523007,0.2726965972845937,3.794593057781391
Chromosome 1p/19q codeletion status,Codeleted,"0,6,12,18,24,30",0.0005,0.0005,True,0.0014761805725352266,0.0010042637195083759,0.10214921077461869,0.14657746648943504,0.0024804442920436025,0.25334772718965537,0.6487141259356907,14.775277708284733,20.200618575946176,0.3953663987460353,5.425340867661443
Chromosome 1p/19q codeletion status,Non-codeleted,"0,6,12,18,24,30",0.0005,0.0005,True,0.0014761805725352266,0.0010042637195083759,0.10214921077461869,0.14657746648943504,0.0024804442920436025,0.25565447168594546,0.5318081554053484,14.932728678606672,18.86299302471445,0.27615368371940296,3.9302643461077764
Chromosome 1p/19q codeletion status,Codeleted,"0,6,12,18,24,30",0.001,1e-05,True,0.0015535205986625352,0.0008608971335323021,0.09854504848583745,0.16609544129799236,0.002414417732194837,0.23886116560194912,0.6343196203152115,14.561365580433664,20.04250602770511,0.39545845471326235,5.481140447271445
Chromosome 1p/19q codeletion status,Non-codeleted,"0,6,12,18,24,30",0.001,1e-05,True,0.0015535205986625352,0.0008608971335323021,0.09854504848583745,0.16609544129799236,0.002414417732194837,0.2704376034814748,0.5427721677156259,15.246454946932676,19.04342053850334,0.2723345642341511,3.7969655915706646
Chromosome 1p/19q codeletion status,Codeleted,"0,6,12,18,24,30",0.001,5e-05,True,0.0015557451012170771,0.0008702415949262557,0.09900217678392753,0.16455991186583652,0.002425986696143333,0.24037300007162235,0.6358312466997679,14.589351210988227,20.062083288526864,0.39545824662814555,5.472732077538637
Chromosome 1p/19q codeletion status,Non-codeleted,"0,6,12,18,24,30",0.001,5e-05,True,0.0015557451012170771,0.0008702415949262557,0.09900217678392753,0.16455991186583652,0.002425986696143333,0.26860892830192457,0.5413264959277478,15.206356815540659,19.018585603651875,0.2727175676258233,3.8122287881112165
Chromosome 1p/19q codeletion status,Codeleted,"0,6,12,18,24,30",0.001,0.0001,True,0.0015577675159039362,0.0008828709911220126,0.09958371424222268,0.16243103440398332,0.0024406385070259488,0.24175967093699677,0.6371797548210277,14.614998475331166,20.080446414674753,0.39542008388403094,5.465447939343587
Chromosome 1p/19q codeletion status,Non-codeleted,"0,6,12,18,24,30",0.001,0.0001,True,0.0015577675159039362,0.0008828709911220126,0.09958371424222268,0.16243103440398332,0.0024406385070259488,0.2666459021427524,0.5397754845997641,15.166698519000715,18.99592222737504,0.2731295824570117,3.8292237083743252
Chromosome 1p/19q codeletion status,Codeleted,"0,6,12,18,24,30",0.001,0.0005,True,0.0016240306589514848,0.0009742691273302346,0.10421933835194808,0.14970621679479934,0.0025982997862817195,0.24827744983608485,0.6444986243370148,14.729027082470177,20.176343033121476,0.3962211745009299,5.4473159506513
Chromosome 1p/19q codeletion status,Non-codeleted,"0,6,12,18,24,30",0.001,0.0005,True,0.0016240306589514848,0.0009742691273302346,0.10421933835194808,0.14970621679479934,0.0025982997862817195,0.25492497787546997,0.5310292958452482,14.925427536474688,18.862774598846215,0.2761043179697782,3.9373470623715274
Chromosome 1p/19q codeletion status,Codeleted,"0,6,12,18,24,30",0.005,1e-05,True,0.0022743976592690743,0.0008897658490359548,0.11163224633339541,0.16642207391544572,0.003164163508305029,0.2420095648816584,0.6363930951098971,14.610495818293186,20.101286220501546,0.3943835302282387,5.49079040220836
Chromosome 1p/19q codeletion status,Non-codeleted,"0,6,12,18,24,30",0.005,1e-05,True,0.0022743976592690743,0.0008897658490359548,0.11163224633339541,0.16642207391544572,0.003164163508305029,0.26019540731923707,0.5326301461111643,14.937789371844797,18.861201064801406,0.27243473879192726,3.923411692956609
Chromosome 1p/19q codeletion status,Codeleted,"0,6,12,18,24,30",0.005,5e-05,True,0.002278124690665317,0.0008955944715422404,0.11189914635047571,0.16546618195655738,0.0031737191622075575,0.24214082702537643,0.6367345483961406,14.61542602285288,20.10685230843133,0.3945937213707642,5.491426285578449
Chromosome 1p/19q codeletion status,Non-codeleted,"0,6,12,18,24,30",0.005,5e-05,True,0.002278124690665317,0.0008955944715422404,0.11189914635047571,0.16546618195655738,0.0031737191622075575,0.259101224922603,0.5318563545268165,14.922851082377694,18.8538610113833,0.27275512960421344,3.931009929005608
Chromosome 1p/19q codeletion status,Codeleted,"0,6,12,18,24,30",0.005,0.0001,True,0.002283645427450911,0.0009031501643349546,0.11224663611444385,0.16432027321508624,0.0031867955917858656,0.24217538218402862,0.6370069822090252,14.61986788173207,20.112283736738416,0.39483160002499657,5.492415855006346
Chromosome 1p/19q codeletion status,Non-codeleted,"0,6,12,18,24,30",0.005,0.0001,True,0.002283645427450911,0.0009031501643349546,0.11224663611444385,0.16432027321508624,0.0031867955917858656,0.2580334182924959,0.5311264336442117,14.907235525145158,18.846476436435548,0.2730930153517159,3.9392409112903906
Chromosome 1p/19q codeletion status,Codeleted,"0,6,12,18,24,30",0.005,0.0005,True,0.002340462767537014,0.0009667499015447942,0.11494515482769097,0.15570960808908096,0.0033072126690818085,0.2421059291250835,0.6388265222828758,14.644547706480965,20.14844229348489,0.39672059315779235,5.503894587003925
Chromosome 1p/19q codeletion status,Non-codeleted,"0,6,12,18,24,30",0.005,0.0005,True,0.002340462767537014,0.0009667499015447942,0.11494515482769097,0.15570960808908096,0.0033072126690818085,0.250157651692013,0.5258036382307805,14.79216215707899,18.792903847877177,0.2756459865387675,4.000741690798188
Chromosome 1p/19q codeletion status,Codeleted,"0,6,12,18,24,30",0.01,1e-05,True,0.0027826817606119987,0.0009620168864638302,0.1214693141699309,0.16567211156764283,0.003744698647075829,0.24600107628244458,0.639014687355486,14.5976291980222,20.115254378220605,0.39301361107304145,5.517625180198404
Chromosome 1p/19q codeletion status,Non-codeleted,"0,6,12,18,24,30",0.01,1e-05,True,0.0027826817606119987,0.0009620168864638302,0.1214693141699309,0.16567211156764283,0.003744698647075829,0.2585954686304607,0.5302580786513922,14.805429257746038,18.789087050614356,0.2716626100209315,3.9836577928683177
Chromosome 1p/19q codeletion status,Codeleted,"0,6,12,18,24,30",0.01,5e-05,True,0.0027850229070490707,0.0009661699532024452,0.12165949307852886,0.1649864222654419,0.003751192860251516,0.24581891612774456,0.6390497495045021,14.597968976488254,20.117461136494633,0.39323083337675757,5.519492160006379
Chromosome 1p/19q codeletion status,Non-codeleted,"0,6,12,18,24,30",0.01,5e-05,True,0.0027850229070490707,0.0009661699532024452,0.12165949307852886,0.1649864222654419,0.003751192860251516,0.25789073050101985,0.5298085549466974,14.796618575433484,18.785501806952965,0.2719178244456776,3.9888832315194804
Chromosome 1p/19q codeletion status,Codeleted,"0,6,12,18,24,30",0.01,0.0001,True,0.0027882490548379875,0.0009714366035531392,0.1218977145507677,0.16413633039657238,0.003759685658391127,0.245587104896739,0.6390891378493389,14.598243021001595,20.120121499328356,0.3935020329525999,5.5218784783267605
Chromosome 1p/19q codeletion status,Non-codeleted,"0,6,12,18,24,30",0.01,0.0001,True,0.0027882490548379875,0.0009714366035531392,0.1218977145507677,0.16413633039657238,0.003759685658391127,0.2570215134068668,0.5292559661976354,14.785728701882839,18.781093433857453,0.2722344527907686,3.9953647319746146
Chromosome 1p/19q codeletion status,Codeleted,"0,6,12,18,24,30",0.01,0.0005,True,0.002824705243592832,0.0010162356991133207,0.1238062752715543,0.15758861601981788,0.003840940942706153,0.24359558455007688,0.639256051016492,14.595488754480643,20.13813468095586,0.39566046646641506,5.542645926475219
Chromosome 1p/19q codeletion status,Non-codeleted,"0,6,12,18,24,30",0.01,0.0005,True,0.002824705243592832,0.0010162356991133207,0.1238062752715543,0.15758861601981788,0.003840940942706153,0.2504411979250258,0.5251288017721404,14.702610767440913,18.748145700365775,0.2746876038471146,4.045534932924863
Chromosome 1p/19q codeletion status,Codeleted,"0,9,18,30",5e-05,1e-05,True,0.0015200189759751969,0.0009134331139851696,0.08260469997577352,0.17126617448554848,0.0024334520899603664,0.10265379266772948,0.503989662655982,12.499822602207594,18.471402104497137,0.40133586998825255,5.9715795022895435
Chromosome 1p/19q codeletion status,Non-codeleted,"0,9,18,30",5e-05,1e-05,True,0.0015200189759751969,0.0009134331139851696,0.08260469997577352,0.17126617448554848,0.0024334520899603664,0.4183751376817898,0.6689098098252293,17.534749930145605,20.638398092606124,0.2505346721434395,3.1036481624605194
Chromosome 1p/19q codeletion status,Codeleted,"0,9,18,30",5e-05,5e-05,True,0.001562879048426599,0.0009157036504179382,0.08278819863762293,0.1695392326869687,0.002478582698844537,0.10271692270455152,0.5027215957076344,12.465800303611806,18.487047475524697,0.4000046730030829,6.021247171912892
Chromosome 1p/19q codeletion status,Non-codeleted,"0,9,18,30",5e-05,5e-05,True,0.001562879048426599,0.0009157036504179382,0.08278819863762293,0.1695392326869687,0.002478582698844537,0.4180637197859311,0.6688053315157836,17.538721522433836,20.633515210646678,0.2507416117298525,3.0947936882128424
Chromosome 1p/19q codeletion status,Codeleted,"0,9,18,30",5e-05,0.0001,True,0.001610093825863243,0.0009167816750080189,0.08260504990393625,0.16797410138210134,0.0025268755008712616,0.10402109342252698,0.5031225026986401,12.488781676211431,18.534538303493033,0.39910140927611315,6.045756627281602
Chromosome 1p/19q codeletion status,Non-codeleted,"0,9,18,30",5e-05,0.0001,True,0.001610093825863243,0.0009167816750080189,0.08260504990393625,0.16797410138210134,0.0025268755008712616,0.41564402691898916,0.6671801078310302,17.475870649497793,20.591049258446596,0.25153608091204105,3.1151786089488027
Chromosome 1p/19q codeletion status,Codeleted,"0,9,18,30",5e-05,0.0005,True,0.0018742513285385015,0.0009205374278591956,0.08746383068450536,0.16258469548489873,0.002794788756397697,0.12747207810279926,0.5288466774933342,12.963073608765665,18.975031313376657,0.401374599390535,6.011957704610992
Chromosome 1p/19q codeletion status,Non-codeleted,"0,9,18,30",5e-05,0.0005,True,0.0018742513285385015,0.0009205374278591956,0.08746383068450536,0.16258469548489873,0.002794788756397697,0.3740611819578142,0.6359828957931603,16.738144919860552,20.125834421446687,0.26192171383534607,3.3876895015861344
Chromosome 1p/19q codeletion status,Codeleted,"0,9,18,30",0.0001,1e-05,True,0.0015869036300428722,0.0009135687423487617,0.08385710816588582,0.16982587056868115,0.002500472372391634,0.10323765238650184,0.5024270542683363,12.436284949109993,18.4793458217952,0.3991894018818345,6.043060872685206
Chromosome 1p/19q codeletion status,Non-codeleted,"0,9,18,30",0.0001,1e-05,True,0.0015869036300428722,0.0009135687423487617,0.08385710816588582,0.16982587056868115,0.002500472372391634,0.4192778982102827,0.6696084978126502,17.57339683885627,20.64798986406707,0.2503305996023675,3.0745930252108025
Chromosome 1p/19q codeletion status,Codeleted,"0,9,18,30",0.0001,5e-05,True,0.001622107386171794,0.000914492420933471,0.08367147904546568,0.1685475071131598,0.002536599807105265,0.10410090106621973,0.5026742736457963,12.461826722904682,18.520148422259403,0.3985733725795766,6.058321699354721
Chromosome 1p/19q codeletion status,Non-codeleted,"0,9,18,30",0.0001,5e-05,True,0.001622107386171794,0.000914492420933471,0.08367147904546568,0.1685475071131598,0.002536599807105265,0.4174766957626172,0.6683683226715093,17.517278631400938,20.611771067416434,0.25089162690889205,3.0944924360154964
Chromosome 1p/19q codeletion status,Codeleted,"0,9,18,30",0.0001,0.0001,True,0.0016618712888371002,0.0009147150533608705,0.0831208418148344,0.16740337141818418,0.0025765863421979705,0.10616475733880225,0.5044362984340779,12.510705917697688,18.57572707964151,0.3982715410952756,6.065021161943822
Chromosome 1p/19q codeletion status,Non-codeleted,"0,9,18,30",0.0001,0.0001,True,0.0016618712888371002,0.0009147150533608705,0.0831208418148344,0.16740337141818418,0.0025765863421979705,0.4136482955547599,0.6656187545412134,17.428301553992068,20.556164922104983,0.25197045898645354,3.1278633681129158
Chromosome 1p/19q codeletion status,Codeleted,"0,9,18,30",0.0001,0.0005,True,0.0019026931571355034,0.0009186898673534567,0.08859006956961124,0.16272299541014534,0.00282138302448896,0.13133508261160287,0.5329502062026432,13.02562108271141,19.024479893586964,0.40161512359104035,5.998858810875554
Chromosome 1p/19q codeletion status,Non-codeleted,"0,9,18,30",0.0001,0.0005,True,0.0019026931571355034,0.0009186898673534567,0.08859006956961124,0.16272299541014534,0.00282138302448896,0.3692640605413211,0.6320094633676909,16.65850852875979,20.07205751831387,0.2627454028263698,3.41354898955408
Chromosome 1p/19q codeletion status,Codeleted,"0,9,18,30",0.0005,1e-05,True,0.001869759357026441,0.0008989821394013356,0.08630901627731924,0.1673897504480345,0.002768741496427777,0.11945785539897807,0.5161585721316833,12.72144061119073,18.78900684965127,0.3967007167327052,6.0675662384605396
Chromosome 1p/19q codeletion status,Non-codeleted,"0,9,18,30",0.0005,1e-05,True,0.001869759357026441,0.0008989821394013356,0.08630901627731924,0.1673897504480345,0.002768741496427777,0.40099333550090094,0.655231229789523,17.12342824443065,20.34703771408217,0.25423789428862203,3.223609469651521
Chromosome 1p/19q codeletion status,Codeleted,"0,9,18,30",0.0005,5e-05,True,0.0018850833382342605,0.0008995131847475323,0.0869358975488399,0.16697837905771584,0.0027845965229817927,0.12225668961587732,0.51947035391017,12.785679358924405,18.837617774531545,0.3972136642942927,6.05193841560714
Chromosome 1p/19q codeletion status,Non-codeleted,"0,9,18,30",0.0005,5e-05,True,0.0018850833382342605,0.0008995131847475323,0.0869358975488399,0.16697837905771584,0.0027845965229817927,0.39592960778299935,0.6514040663082505,17.033828858725414,20.291979606875444,0.2554744585252512,3.2581507481500296
Chromosome 1p/19q codeletion status,Codeleted,"0,9,18,30",0.0005,0.0001,True,0.001902694655150881,0.0009001539945674325,0.08796470467658091,0.16656531339232983,0.0028028486497183136,0.125268240856032,0.5232242724408591,12.854042083774399,18.89164645033204,0.3979560315848271,6.037604366557641
Chromosome 1p/19q codeletion status,Non-codeleted,"0,9,18,30",0.0005,0.0001,True,0.001902694655150881,0.0009001539945674325,0.08796470467658091,0.16656531339232983,0.0028028486497183136,0.3903780496668999,0.6471735465409197,16.93666805371458,20.231727126012807,0.25679549687401987,3.2950590722982263
Chromosome 1p/19q codeletion status,Codeleted,"0,9,18,30",0.0005,0.0005,True,0.002079259563198659,0.0009133592025916841,0.09574087944724008,0.163661754957951,0.0029926187657903433,0.16253039774856023,0.5655844292669872,13.533884554140538,19.399197505248033,0.4030540315184269,5.865312951107494
Chromosome 1p/19q codeletion status,Non-codeleted,"0,9,18,30",0.0005,0.0005,True,0.002079259563198659,0.0009133592025916841,0.09574087944724008,0.163661754957951,0.0029926187657903433,0.3311987064087916,0.5999630727521252,16.042064371279203,19.655616324078288,0.2687643663433336,3.613551952799085
Chromosome 1p/19q codeletion status,Codeleted,"0,9,18,30",0.001,1e-05,True,0.0020417398139036575,0.0008960569187660078,0.09440161152819915,0.16724234218692458,0.0029377967326696653,0.13926105062796545,0.5374431372621411,13.089860600871985,19.074750432998595,0.39818208663417565,5.98488983212661
Chromosome 1p/19q codeletion status,Non-codeleted,"0,9,18,30",0.001,1e-05,True,0.0020417398139036575,0.0008960569187660078,0.09440161152819915,0.16724234218692458,0.0029377967326696653,0.3756836268573452,0.6346403059342889,16.634098875286668,20.02799070883914,0.2589566790769437,3.3938918335524733
Chromosome 1p/19q codeletion status,Codeleted,"0,9,18,30",0.001,5e-05,True,0.0020545067219610432,0.0008975609003550876,0.09508948326456246,0.16698736065235442,0.002952067622316131,0.14265186250161466,0.5413498052244838,13.15364403270978,19.12111168349586,0.3986979427228692,5.967467650786082
Chromosome 1p/19q codeletion status,Non-codeleted,"0,9,18,30",0.001,5e-05,True,0.0020545067219610432,0.0008975609003550876,0.09508948326456246,0.16698736065235442,0.002952067622316131,0.37020434363000776,0.6303005284912664,16.550121886575923,19.9743695110678,0.26009618486125863,3.4242476244918763
Chromosome 1p/19q codeletion status,Codeleted,"0,9,18,30",0.001,0.0001,True,0.0020718707178264454,0.0008996831638590445,0.09596822696484164,0.16666877357093834,0.00297155388168549,0.14745998349411407,0.5469464118443688,13.240664828905533,19.18526312134917,0.3994864283502547,5.9445982924436365
Chromosome 1p/19q codeletion status,Non-codeleted,"0,9,18,30",0.001,0.0001,True,0.0020718707178264454,0.0008996831638590445,0.09596822696484164,0.16666877357093834,0.00297155388168549,0.36245599254590516,0.6241492925420704,16.437133496447444,19.90155590458469,0.26169329999616525,3.4644224081372457
Chromosome 1p/19q codeletion status,Codeleted,"0,9,18,30",0.001,0.0005,True,0.002239363297810281,0.0009211990690968646,0.1023052008723564,0.16417303983664777,0.0031605623669071457,0.20810493948608977,0.609757451506406,14.214280342045114,19.862409527220496,0.40165251202031627,5.648129185175382
Chromosome 1p/19q codeletion status,Non-codeleted,"0,9,18,30",0.001,0.0005,True,0.002239363297810281,0.0009211990690968646,0.1023052008723564,0.16417303983664777,0.0031605623669071457,0.2794605584520204,0.5541699225283236,15.260209704755315,19.116036034900795,0.27470936407630325,3.8558263301454794
Chromosome 1p/19q codeletion status,Codeleted,"0,9,18,30",0.005,1e-05,True,0.0029261673310066153,0.0010160111006346402,0.1254752110938122,0.16757289797630825,0.003942178431641255,0.2381316352481862,0.6323329574064509,14.440700720712488,20.028795151389392,0.3942013221582647,5.588094430676904
Chromosome 1p/19q codeletion status,Non-codeleted,"0,9,18,30",0.005,1e-05,True,0.0029261673310066153,0.0010160111006346402,0.1254752110938122,0.16757289797630825,0.003942178431641255,0.26928290054203763,0.5405397617722095,14.87181213644762,18.846138168704904,0.2712568612301719,3.9743260322572844
Chromosome 1p/19q codeletion status,Codeleted,"0,9,18,30",0.005,5e-05,True,0.0029306666391205405,0.001017724844633106,0.12570459720560523,0.16720766742847637,0.003948391483753646,0.23882240733609833,0.6331088499628756,14.448603077630338,20.03628938891135,0.3942864426267773,5.587686311281011
Chromosome 1p/19q codeletion status,Non-codeleted,"0,9,18,30",0.005,5e-05,True,0.0029306666391205405,0.001017724844633106,0.12570459720560523,0.16720766742847637,0.003948391483753646,0.26763820012630096,0.5391947164636817,14.853177612047274,18.83512390269916,0.2715565163373807,3.9819462906518854
Chromosome 1p/19q codeletion status,Codeleted,"0,9,18,30",0.005,0.0001,True,0.002935812000415226,0.0010202745825470274,0.12597020680500803,0.16673173788439966,0.003956086582962253,0.23949491290764896,0.6339122864262785,14.46158040008924,20.046680427373587,0.39441737351862954,5.585100027284348
Chromosome 1p/19q codeletion status,Non-codeleted,"0,9,18,30",0.005,0.0001,True,0.002935812000415226,0.0010202745825470274,0.12597020680500803,0.16673173788439966,0.003956086582962253,0.2657442694732817,0.5376806057803378,14.826809521331853,18.81993881039157,0.2719363363070561,3.9931292890597163
Chromosome 1p/19q codeletion status,Codeleted,"0,9,18,30",0.005,0.0005,True,0.0029867528704451917,0.0010430878892924399,0.12813406855042897,0.16281060999607055,0.004029840759737632,0.24441919911905147,0.6397904939801099,14.547592766794086,20.118482173146802,0.39537129486105843,5.570889406352716
Chromosome 1p/19q codeletion status,Non-codeleted,"0,9,18,30",0.005,0.0005,True,0.0029867528704451917,0.0010430878892924399,0.12813406855042897,0.16281060999607055,0.004029840759737632,0.2511625796314578,0.5258612591351574,14.631616790983138,18.707523342569196,0.2746986795036995,4.075906551586058
Chromosome 1p/19q codeletion status,Codeleted,"0,9,18,30",0.01,1e-05,True,0.003675346658355777,0.0011461081925416322,0.1424156543526749,0.17156163513949185,0.004821454850897409,0.25321554222986176,0.6434802976070708,14.448502561377811,20.065763815641887,0.39026475537720906,5.617261254264076
Chromosome 1p/19q codeletion status,Non-codeleted,"0,9,18,30",0.01,1e-05,True,0.003675346658355777,0.0011461081925416322,0.1424156543526749,0.17156163513949185,0.004821454850897409,0.2673604816451637,0.53710177909185,14.641256968841429,18.708441612035195,0.2697412974466863,4.067184643193766
Chromosome 1p/19q codeletion status,Codeleted,"0,9,18,30",0.01,5e-05,True,0.0036751469559859655,0.001147061853013123,0.14253935100404258,0.1711869172521595,0.004822208808999089,0.2548914693228003,0.6450477267610741,14.47752471558257,20.08445395550561,0.3901562574382738,5.606929239923039
Chromosome 1p/19q codeletion status,Non-codeleted,"0,9,18,30",0.01,5e-05,True,0.0036751469559859655,0.001147061853013123,0.14253935100404258,0.1711869172521595,0.004822208808999089,0.26463981288773347,0.5348315198619715,14.601086915675179,18.68415629244498,0.27019170697423806,4.083069376769803
Chromosome 1p/19q codeletion status,Codeleted,"0,9,18,30",0.01,0.0001,True,0.003675559172032456,0.0011473296397575437,0.14273620365113837,0.1708334155397404,0.00482288881179,0.2532667199560828,0.6438701404321159,14.45152299336225,20.071785725551727,0.3906034204760331,5.620262732189477
Chromosome 1p/19q codeletion status,Non-codeleted,"0,9,18,30",0.01,0.0001,True,0.003675559172032456,0.0011473296397575437,0.14273620365113837,0.1708334155397404,0.00482288881179,0.26527903809633535,0.5356128410083253,14.615146497692564,18.69596114231857,0.27033380291198994,4.080814644626006
Chromosome 1p/19q codeletion status,Codeleted,"0,9,18,30",0.01,0.0005,True,0.003684464761245636,0.0011553597988457856,0.14408509111916856,0.16758901703989404,0.0048398245600914215,0.25231593853344686,0.6446055190418973,14.453336220381722,20.09060223564611,0.3922895805084505,5.637266015264387
Chromosome 1p/19q codeletion status,Non-codeleted,"0,9,18,30",0.01,0.0005,True,0.003684464761245636,0.0011553597988457856,0.14408509111916856,0.16758901703989404,0.0048398245600914215,0.2574734563689716,0.5300754735824749,14.514498347042636,18.648823447682386,0.27260201721350324,4.1343251006397495
Chromosome 1p/19q codeletion status,Codeleted,"0,8,16,24,30",5e-05,1e-05,True,0.0010691787638255437,0.0010309687757621149,0.07921094572263626,0.15570145695769622,0.0021001475395876585,0.11493551655007654,0.5144909623776595,12.751007207965026,18.74455636654657,0.3995554458275829,5.993549158581542
Chromosome 1p/19q codeletion status,Non-codeleted,"0,8,16,24,30",5e-05,1e-05,True,0.0010691787638255437,0.0010309687757621149,0.07921094572263626,0.15570145695769622,0.0021001475395876585,0.43100369407607475,0.6748499272755367,17.351172131607044,20.492491820778483,0.24384623319946197,3.1413196891714392
Chromosome 1p/19q codeletion status,Codeleted,"0,8,16,24,30",5e-05,5e-05,True,0.0010793086335547837,0.0010525273724205375,0.07878589789535384,0.15292160343925443,0.002131836005975321,0.11986426234684648,0.51983676111027,12.780764976853321,18.79505600348356,0.3999724987634235,6.014291026630238
Chromosome 1p/19q codeletion status,Non-codeleted,"0,8,16,24,30",5e-05,5e-05,True,0.0010793086335547837,0.0010525273724205375,0.07878589789535384,0.15292160343925443,0.002131836005975321,0.4250261357846929,0.6708331470069198,17.289418244024553,20.44969444824899,0.24580701122222687,3.160276204224438
Chromosome 1p/19q codeletion status,Codeleted,"0,8,16,24,30",5e-05,0.0001,True,0.00109506984528468,0.0010724426887517497,0.07813754294537117,0.1503288043558041,0.0021675125340364296,0.12600334353054118,0.5264746498297299,12.843321454139897,18.864980504541766,0.4004713062991887,6.021659050401869
Chromosome 1p/19q codeletion status,Non-codeleted,"0,8,16,24,30",5e-05,0.0001,True,0.00109506984528468,0.0010724426887517497,0.07813754294537117,0.1503288043558041,0.0021675125340364296,0.417102888418369,0.6652751367951721,17.187760578547383,20.3824623396535,0.24817224837680313,3.194701761106117
Chromosome 1p/19q codeletion status,Codeleted,"0,8,16,24,30",5e-05,0.0005,True,0.0012021522692577888,0.0011818740172767851,0.07721389707966397,0.13905029789090095,0.002384026286534574,0.2494233253450119,0.6462495234580714,14.645838886087812,20.12188506721059,0.3968261981130595,5.476046181122779
Chromosome 1p/19q codeletion status,Non-codeleted,"0,8,16,24,30",5e-05,0.0005,True,0.0012021522692577888,0.0011818740172767851,0.07721389707966397,0.13905029789090095,0.002384026286534574,0.27134643701591105,0.5466121736158137,15.089088905708639,18.987400183489292,0.27526573659990267,3.8983112777806532
Chromosome 1p/19q codeletion status,Codeleted,"0,8,16,24,30",0.0001,1e-05,True,0.001095019322063117,0.0010331842392644942,0.07942893089668882,0.15594997393307042,0.0021282035613276115,0.11932938163600354,0.5193424842345001,12.618918934152227,18.705971442656498,0.4000131025984966,6.0870525085042715
Chromosome 1p/19q codeletion status,Non-codeleted,"0,8,16,24,30",0.0001,1e-05,True,0.001095019322063117,0.0010331842392644942,0.07942893089668882,0.15594997393307042,0.0021282035613276115,0.42431497966916193,0.6700566075486931,17.46946605045394,20.546814798014204,0.2457416278795312,3.077348747560265
Chromosome 1p/19q codeletion status,Codeleted,"0,8,16,24,30",0.0001,5e-05,True,0.001110122002656535,0.001045833736235054,0.07936231726777143,0.15333452677710147,0.0021559557388915887,0.12208148126272024,0.5217121051611573,12.75051824048697,18.800548965954732,0.39963062389843707,6.050030725467762
Chromosome 1p/19q codeletion status,Non-codeleted,"0,8,16,24,30",0.0001,5e-05,True,0.001110122002656535,0.001045833736235054,0.07936231726777143,0.15333452677710147,0.0021559557388915887,0.4209191867491527,0.6680023606787654,17.29971676784516,20.447474234070683,0.2470831739296127,3.1477574662255208
Chromosome 1p/19q codeletion status,Codeleted,"0,8,16,24,30",0.0001,0.0001,True,0.0011178191012048925,0.0010644993724919383,0.07815133373196193,0.1509826425640407,0.002182318473696831,0.12855066057832562,0.5290747292225493,12.823312487193828,18.870374601025823,0.40052406864422363,6.047062113831995
Chromosome 1p/19q codeletion status,Non-codeleted,"0,8,16,24,30",0.0001,0.0001,True,0.0011178191012048925,0.0010644993724919383,0.07815133373196193,0.1509826425640407,0.002182318473696831,0.41256450986627513,0.6619570556142984,17.193234018536458,20.37918266655544,0.24939254574802328,3.1859486480189823
Chromosome 1p/19q codeletion status,Codeleted,"0,8,16,24,30",0.0001,0.0005,True,0.0012222325978935114,0.00116843906743289,0.07749161158227935,0.13986883099791209,0.002390671665326401,0.2484859326320184,0.6454439716991209,14.644339462165199,20.121536837115016,0.39695803906710253,5.477197374949817
Chromosome 1p/19q codeletion status,Non-codeleted,"0,8,16,24,30",0.0001,0.0005,True,0.0012222325978935114,0.00116843906743289,0.07749161158227935,0.13986883099791209,0.002390671665326401,0.27073126510846085,0.5460815493126957,15.082143466711205,18.983001881620154,0.27535028420423485,3.9008584149089494
Chromosome 1p/19q codeletion status,Codeleted,"0,8,16,24,30",0.0005,1e-05,True,0.0012974438029299254,0.0009671758082418697,0.08087834181056969,0.16027358459325758,0.0022646196111717953,0.13889015397299817,0.5386995873457524,12.932114125582917,18.97208880097383,0.3998094333727542,6.039974675390912
Chromosome 1p/19q codeletion status,Non-codeleted,"0,8,16,24,30",0.0005,1e-05,True,0.0012974438029299254,0.0009671758082418697,0.08087834181056969,0.16027358459325758,0.0022646196111717953,0.3892241001610994,0.6441008556736526,17.00474414224526,20.246647589381112,0.25487675551255323,3.2419034471358508
Chromosome 1p/19q codeletion status,Codeleted,"0,8,16,24,30",0.0005,5e-05,True,0.0012950522844363177,0.000979764787451941,0.07973888784909977,0.15839437589804595,0.0022748170718882585,0.14254914109832026,0.5427630970280537,13.00267294365485,19.023108407010106,0.4002139559297334,6.0204354633552555
Chromosome 1p/19q codeletion status,Non-codeleted,"0,8,16,24,30",0.0005,5e-05,True,0.0012950522844363177,0.000979764787451941,0.07973888784909977,0.15839437589804595,0.0022748170718882585,0.38488315648394694,0.6407689191719974,16.913115748133173,20.19011117277443,0.25588576268805047,3.2769954246412567
Chromosome 1p/19q codeletion status,Codeleted,"0,8,16,24,30",0.0005,0.0001,True,0.0013011663028583852,0.0009914481190880994,0.0783257759784429,0.15668432057799342,0.002292614421946485,0.14844673702388475,0.5493133140024368,13.12230794598423,19.108214320639064,0.400866576978552,5.985906374654833
Chromosome 1p/19q codeletion status,Non-codeleted,"0,8,16,24,30",0.0005,0.0001,True,0.0013011663028583852,0.0009914481190880994,0.0783257759784429,0.15668432057799342,0.002292614421946485,0.37717059147647813,0.6349123152650405,16.76577352516216,20.09908193579995,0.2577417237885624,3.333308410637791
Chromosome 1p/19q codeletion status,Codeleted,"0,8,16,24,30",0.0005,0.0005,True,0.0013695132995179885,0.0010919589903904182,0.07907637900619324,0.14467739237460397,0.0024614722899084064,0.24424940932716038,0.6418296233102786,14.63794989677164,20.124048710061125,0.3975802139831182,5.486098813289484
Chromosome 1p/19q codeletion status,Non-codeleted,"0,8,16,24,30",0.0005,0.0005,True,0.0013695132995179885,0.0010919589903904182,0.07907637900619324,0.14467739237460397,0.0024614722899084064,0.2655503460506899,0.5414053044269499,15.027861099712803,18.949048950611253,0.27585495837626,3.92118785089845
Chromosome 1p/19q codeletion status,Codeleted,"0,8,16,24,30",0.001,1e-05,True,0.0014714036434058427,0.000922655480081702,0.08003207883765429,0.16436293967607907,0.002394059123487545,0.16089540896285914,0.5610337002462528,13.350454099656545,19.2672947471106,0.4001382912833936,5.916840647454055
Chromosome 1p/19q codeletion status,Non-codeleted,"0,8,16,24,30",0.001,1e-05,True,0.0014714036434058427,0.000922655480081702,0.08003207883765429,0.16436293967607907,0.002394059123487545,0.3561668161402997,0.6174743354291026,16.45842819519475,19.893227510624218,0.26130751928880286,3.434799315429469
Chromosome 1p/19q codeletion status,Codeleted,"0,8,16,24,30",0.001,5e-05,True,0.0014735721752894145,0.0009327567516469387,0.07883028132806003,0.16279918968198648,0.0024063289269363533,0.16515577141572382,0.565624904313234,13.4311364377407,19.32379878130962,0.4004691328975102,5.8926623435689205
Chromosome 1p/19q codeletion status,Non-codeleted,"0,8,16,24,30",0.001,5e-05,True,0.0014735721752894145,0.0009327567516469387,0.07883028132806003,0.16279918968198648,0.0024063289269363533,0.3508331194052092,0.6132524383223216,16.35925469297828,19.830205077296146,0.26241931891711234,3.4709503843178666
Chromosome 1p/19q codeletion status,Codeleted,"0,8,16,24,30",0.001,0.0001,True,0.001473278249247373,0.0009463250023982969,0.07801154992791193,0.1608885693471921,0.00241960325164567,0.17190650766567617,0.5727767470178121,13.550346741757938,19.406204169681114,0.40087023935213595,5.855857427923176
Chromosome 1p/19q codeletion status,Non-codeleted,"0,8,16,24,30",0.001,0.0001,True,0.001473278249247373,0.0009463250023982969,0.07801154992791193,0.1608885693471921,0.00241960325164567,0.3425277151606932,0.6066043656410646,16.220185029130278,19.74085408122316,0.2640766504803714,3.520669052092881
Chromosome 1p/19q codeletion status,Codeleted,"0,8,16,24,30",0.001,0.0005,True,0.001528168310666018,0.001041299998534813,0.0819558457208015,0.1482113060300395,0.002569468309200831,0.24253624640226437,0.6401886987133877,14.636715218109758,20.129229299649516,0.39765245231112334,5.492514081539758
Chromosome 1p/19q codeletion status,Non-codeleted,"0,8,16,24,30",0.001,0.0005,True,0.001528168310666018,0.001041299998534813,0.0819558457208015,0.1482113060300395,0.002569468309200831,0.2605224014378034,0.5365795958498438,14.966962957006178,18.910305756575166,0.2760571944120404,3.9433427995689883
Chromosome 1p/19q codeletion status,Codeleted,"0,8,16,24,30",0.005,1e-05,True,0.002293596984713539,0.0009396454866638107,0.10597500020776385,0.16567730946916226,0.00323324247137735,0.23071970296786024,0.6259795227240853,14.396684544034837,19.987750556772824,0.39525981975622504,5.591066012737986
Chromosome 1p/19q codeletion status,Non-codeleted,"0,8,16,24,30",0.005,1e-05,True,0.002293596984713539,0.0009396454866638107,0.10597500020776385,0.16567730946916226,0.00323324247137735,0.2741257971192144,0.5449282094647562,15.051876422492422,18.960785643505382,0.27080241234554175,3.9089092210129603
Chromosome 1p/19q codeletion status,Codeleted,"0,8,16,24,30",0.005,5e-05,True,0.0022981731991072256,0.0009440297650625103,0.10628364995869288,0.1648897416501457,0.003242202964169736,0.23520399201885295,0.6301346195189135,14.467860865257089,20.033539316787774,0.3949306275000605,5.565678451530685
Chromosome 1p/19q codeletion status,Non-codeleted,"0,8,16,24,30",0.005,5e-05,True,0.0022981731991072256,0.0009440297650625103,0.10628364995869288,0.1648897416501457,0.003242202964169736,0.26862272277162497,0.5400884264448003,14.967396312864086,18.906518567442276,0.2714657036731753,3.9391222545781908
Chromosome 1p/19q codeletion status,Codeleted,"0,8,16,24,30",0.005,0.0001,True,0.002305046525780986,0.0009504427719341393,0.10666133004255285,0.1636878476859952,0.0032554892977151254,0.23421928554899282,0.6295336690714948,14.454217629713959,20.02804052697078,0.3953143835225019,5.573822897256822
Chromosome 1p/19q codeletion status,Non-codeleted,"0,8,16,24,30",0.005,0.0001,True,0.002305046525780986,0.0009504427719341393,0.10666133004255285,0.1636878476859952,0.0032554892977151254,0.2685632298504703,0.5403036671327068,14.97256838998969,18.912133904528744,0.2717404372822365,3.939565514539055
Chromosome 1p/19q codeletion status,Codeleted,"0,8,16,24,30",0.005,0.0005,True,0.0023606032643005113,0.001003062582537751,0.1093815425746979,0.15521324862053698,0.0033636658468382623,0.24217617456299773,0.6384653321808359,14.584027662485788,20.129617305759265,0.3962891576178382,5.545589643273477
Chromosome 1p/19q codeletion status,Non-codeleted,"0,8,16,24,30",0.005,0.0005,True,0.0023606032643005113,0.001003062582537751,0.1093815425746979,0.15521324862053698,0.0033636658468382623,0.2525101124730699,0.5275284381647686,14.755535412383491,18.78694940622617,0.27501832569169865,4.03141399384268
Chromosome 1p/19q codeletion status,Codeleted,"0,8,16,24,30",0.01,1e-05,True,0.0029832627008208054,0.0010193029900169223,0.12443907669251153,0.16695805158688215,0.004002565690837728,0.2462994240385051,0.6381590463369988,14.491374133046866,20.072926581961084,0.3918596222984937,5.581552448914218
Chromosome 1p/19q codeletion status,Non-codeleted,"0,8,16,24,30",0.01,1e-05,True,0.0029832627008208054,0.0010193029900169223,0.12443907669251153,0.16695805158688215,0.004002565690837728,0.26509980962393653,0.5352956831340526,14.764810097691615,18.783337297396564,0.2701958735101161,4.018527199704948
Chromosome 1p/19q codeletion status,Codeleted,"0,8,16,24,30",0.01,5e-05,True,0.002987997751194677,0.001021742226474853,0.12464164921133192,0.16628639828685166,0.0040097399776695295,0.2496269627480316,0.6412789693861694,14.536789623806126,20.10368842910453,0.39165200663813776,5.566898805298404
Chromosome 1p/19q codeletion status,Non-codeleted,"0,8,16,24,30",0.01,5e-05,True,0.002987997751194677,0.001021742226474853,0.12464164921133192,0.16628639828685166,0.0040097399776695295,0.26063577006902255,0.5313998243833133,14.709464659357433,18.747419845270848,0.2707640543142908,4.037955185913415
Chromosome 1p/19q codeletion status,Codeleted,"0,8,16,24,30",0.01,0.0001,True,0.0029888961663429585,0.0010251534245354363,0.12482644364511308,0.16546943991157625,0.004014049590878395,0.24939508553759582,0.6413187630677859,14.536363775098204,20.105869817059794,0.3919236775301901,5.56950604196159
Chromosome 1p/19q codeletion status,Non-codeleted,"0,8,16,24,30",0.01,0.0001,True,0.0029888961663429585,0.0010251534245354363,0.12482644364511308,0.16546943991157625,0.004014049590878395,0.2597992173422012,0.530880090526924,14.700018362635323,18.743884419722157,0.2710808731847228,4.043866057086834
Chromosome 1p/19q codeletion status,Codeleted,"0,8,16,24,30",0.01,0.0005,True,0.0030086712527519956,0.0010551823726514125,0.12631817629938025,0.15920301041979845,0.004063853625403408,0.24715005119404404,0.6412603102213541,14.530019491901822,20.12092696787542,0.39411025902731006,5.590907475973598
Chromosome 1p/19q codeletion status,Non-codeleted,"0,8,16,24,30",0.01,0.0005,True,0.0030086712527519956,0.0010551823726514125,0.12631817629938025,0.15920301041979845,0.004063853625403408,0.2536528915832716,0.5271766050654714,14.625754477965245,18.716749688444875,0.2735237134821998,4.09099521047963
Chromosome 1p/19q codeletion status,Codeleted,"0,10,20,30",5e-05,1e-05,True,0.0019466783376978537,0.000918991716628902,0.08995754164340841,0.16785893499034643,0.0028656700543267556,0.07597585445749588,0.46831618043668555,12.68096294961204,18.48924725516669,0.39234032597918966,5.808284305554649
Chromosome 1p/19q codeletion status,Non-codeleted,"0,10,20,30",5e-05,1e-05,True,0.0019466783376978537,0.000918991716628902,0.08995754164340841,0.16785893499034643,0.0028656700543267556,0.453363641600042,0.6962554275946528,17.297000013803334,20.56010394817789,0.24289178599461075,3.2631039343745556
Chromosome 1p/19q codeletion status,Codeleted,"0,10,20,30",5e-05,5e-05,True,0.0019965060873156724,0.0009245946881899155,0.09168174237502758,0.16610513444066866,0.002921100775505588,0.07686507274211571,0.4685794674098418,12.62011661496004,18.488921445007062,0.39171439466772606,5.868804830047022
Chromosome 1p/19q codeletion status,Non-codeleted,"0,10,20,30",5e-05,5e-05,True,0.0019965060873156724,0.0009245946881899155,0.09168174237502758,0.16610513444066866,0.002921100775505588,0.45107589727376457,0.6945377340651335,17.33408121036052,20.572118634507806,0.24346183679136896,3.2380374241472865
Chromosome 1p/19q codeletion status,Codeleted,"0,10,20,30",5e-05,0.0001,True,0.002051247222959745,0.0009318350439852968,0.09336556266261276,0.16427107429525045,0.0029830822669450418,0.07821099353132854,0.4695323028147637,12.574302445045019,18.498474961536523,0.39132130928343517,5.924172516491504
Chromosome 1p/19q codeletion status,Non-codeleted,"0,10,20,30",5e-05,0.0001,True,0.002051247222959745,0.0009318350439852968,0.09336556266261276,0.16427107429525045,0.0029830822669450418,0.44770912618018516,0.6920586051812002,17.35104660468705,20.572538885081944,0.24434947900101506,3.2214922803948944
Chromosome 1p/19q codeletion status,Codeleted,"0,10,20,30",5e-05,0.0005,True,0.002324741969373328,0.000994639320950721,0.10182323109125646,0.15476957433732197,0.0033193812903240492,0.09257055581730154,0.4864642905045402,12.65061509126024,18.70894406870439,0.39389373468723865,6.05832897744415
Chromosome 1p/19q codeletion status,Non-codeleted,"0,10,20,30",5e-05,0.0005,True,0.002324741969373328,0.000994639320950721,0.10182323109125646,0.15476957433732197,0.0033193812903240492,0.4134735735422716,0.6677645593576081,17.077550348035324,20.382551349087436,0.25429098581533655,3.305001001052112
Chromosome 1p/19q codeletion status,Codeleted,"0,10,20,30",0.0001,1e-05,True,0.002040327893058355,0.0009146480567409335,0.0929092270260401,0.16701002881804317,0.002954975949799288,0.07857462325183713,0.46994863156983524,12.589963420929433,18.484881981710952,0.3913740083179981,5.8949185607815195
Chromosome 1p/19q codeletion status,Non-codeleted,"0,10,20,30",0.0001,1e-05,True,0.002040327893058355,0.0009146480567409335,0.0929092270260401,0.16701002881804317,0.002954975949799288,0.45072161067061595,0.6939029557265259,17.361325935993033,20.57983881823715,0.24318134505591,3.2185128822441165
Chromosome 1p/19q codeletion status,Codeleted,"0,10,20,30",0.0001,5e-05,True,0.002079414774350072,0.000920632326198103,0.09407480118051581,0.16555257788188438,0.003000047100548175,0.0793862333949292,0.47045148614316395,12.564008214973367,18.49583115162258,0.3910652527482348,5.931822936649212
Chromosome 1p/19q codeletion status,Non-codeleted,"0,10,20,30",0.0001,5e-05,True,0.002079414774350072,0.000920632326198103,0.09407480118051581,0.16555257788188438,0.003000047100548175,0.44843211033920316,0.6922678585416187,17.366128087286544,20.57678017705649,0.2438357482024155,3.2106520897699475
Chromosome 1p/19q codeletion status,Codeleted,"0,10,20,30",0.0001,0.0001,True,0.0021241582004489245,0.0009269787090403633,0.09521216484010608,0.16408952132455024,0.003051136909489288,0.0808751435399501,0.47186389465166945,12.546808058993346,18.51439092336149,0.3909887511117194,5.9675828643681434
Chromosome 1p/19q codeletion status,Non-codeleted,"0,10,20,30",0.0001,0.0001,True,0.0021241582004489245,0.0009269787090403633,0.09521216484010608,0.16408952132455024,0.003051136909489288,0.4447804202551513,0.6896992495713521,17.354117590744835,20.56363969777388,0.2449188293162008,3.209522107029045
Chromosome 1p/19q codeletion status,Codeleted,"0,10,20,30",0.0001,0.0005,True,0.0023633480418018644,0.0009911157569079299,0.10279938189635052,0.15500860692051333,0.0033544637987097943,0.09564638401561033,0.48998534048161474,12.686453623211055,18.743957640662746,0.3943389564660044,6.057504017451691
Chromosome 1p/19q codeletion status,Non-codeleted,"0,10,20,30",0.0001,0.0005,True,0.0023633480418018644,0.0009911157569079299,0.10279938189635052,0.15500860692051333,0.0033544637987097943,0.40944490966047004,0.6645924699571373,17.024565152842335,20.34643558012083,0.25514756029666724,3.321870427278494
Chromosome 1p/19q codeletion status,Codeleted,"0,10,20,30",0.0005,1e-05,True,0.002442057835686596,0.0008975448393641157,0.10177489393678074,0.16558689825741235,0.0033396026750507116,0.09798772527094173,0.4892975579646492,12.674137801784019,18.703215423656246,0.39130983269370745,6.0290776218722275
Chromosome 1p/19q codeletion status,Non-codeleted,"0,10,20,30",0.0005,1e-05,True,0.002442057835686596,0.0008975448393641157,0.10177489393678074,0.16558689825741235,0.0033396026750507116,0.4263718482998793,0.6750608777530245,17.118903926735836,20.38506026400576,0.2486890294531452,3.2661563372699227
Chromosome 1p/19q codeletion status,Codeleted,"0,10,20,30",0.0005,5e-05,True,0.0024480820915933873,0.0009049026595318381,0.10237606735309768,0.1645762303644437,0.003352984751125225,0.09909813110915854,0.49081752502051335,12.675948839760833,18.71465651151382,0.3917193939113548,6.038707671752986
Chromosome 1p/19q codeletion status,Non-codeleted,"0,10,20,30",0.0005,5e-05,True,0.0024480820915933873,0.0009049026595318381,0.10237606735309768,0.1645762303644437,0.003352984751125225,0.4230538435167461,0.6727223642981874,17.106282884384004,20.375909495034982,0.24966852078144136,3.2696266106509775
Chromosome 1p/19q codeletion status,Codeleted,"0,10,20,30",0.0005,0.0001,True,0.002461759338544651,0.000912833392288732,0.10325276661984095,0.16352725181081396,0.003374592730833383,0.10095410452156199,0.4933030418053746,12.703663083132595,18.74432923169548,0.3923489372838126,6.040666148562886
Chromosome 1p/19q codeletion status,Non-codeleted,"0,10,20,30",0.0005,0.0001,True,0.002461759338544651,0.000912833392288732,0.10325276661984095,0.16352725181081396,0.003374592730833383,0.41851084369181435,0.6694632229422991,17.05735045002246,20.345125092893163,0.25095237925048475,3.2877746428707013
Chromosome 1p/19q codeletion status,Codeleted,"0,10,20,30",0.0005,0.0005,True,0.0025915928489963686,0.0009792587208328222,0.10923894819358348,0.15646351334738517,0.0035708515698291907,0.11959268660977768,0.5176085408233354,13.00733404755752,19.018851831587774,0.39801585421355773,6.011517784030254
Chromosome 1p/19q codeletion status,Non-codeleted,"0,10,20,30",0.0005,0.0005,True,0.0025915928489963686,0.0009792587208328222,0.10923894819358348,0.15646351334738517,0.0035708515698291907,0.378413686965239,0.6395806539380808,16.59878063749115,20.05537023244103,0.2611669669728418,3.4565895949498824
Chromosome 1p/19q codeletion status,Codeleted,"0,10,20,30",0.001,1e-05,True,0.002640250498586501,0.0009022834069461094,0.10894910667758995,0.16538596683383922,0.0035425339055326103,0.11815571892851814,0.5123363372058315,12.925924942690248,18.936311442391318,0.3941806182773133,6.01038649970107
Chromosome 1p/19q codeletion status,Non-codeleted,"0,10,20,30",0.001,1e-05,True,0.002640250498586501,0.0009022834069461094,0.10894910667758995,0.16538596683383922,0.0035425339055326103,0.3994488917675944,0.6537595880709863,16.76035035678705,20.139124029854372,0.2543106963033919,3.3787736730673217
Chromosome 1p/19q codeletion status,Codeleted,"0,10,20,30",0.001,5e-05,True,0.002646482128407966,0.0009092033653063338,0.1094505955404651,0.16458323167983369,0.0035556854937142997,0.11986786472333809,0.514510001050036,12.951440927210527,18.959060574748836,0.39464213632669787,6.007619647538309
Chromosome 1p/19q codeletion status,Non-codeleted,"0,10,20,30",0.001,5e-05,True,0.002646482128407966,0.0009092033653063338,0.1094505955404651,0.16458323167983369,0.0035556854937142997,0.39560772706108427,0.6508900925068756,16.72205654382738,20.11480176558896,0.2552823654457913,3.3927452217615794
Chromosome 1p/19q codeletion status,Codeleted,"0,10,20,30",0.001,0.0001,True,0.002656793637092906,0.0009182593215357797,0.11012812886131018,0.16360954092060465,0.0035750529586286856,0.12258934655343058,0.5180268857404075,12.992588344971857,18.995241790888983,0.3954375391869769,6.002653445917126
Chromosome 1p/19q codeletion status,Non-codeleted,"0,10,20,30",0.001,0.0001,True,0.002656793637092906,0.0009182593215357797,0.11012812886131018,0.16360954092060465,0.0035750529586286856,0.3898819912295385,0.6465718069758666,16.66310217210537,20.07676306174866,0.2566898157463281,3.4136608896432925
Chromosome 1p/19q codeletion status,Codeleted,"0,10,20,30",0.001,0.0005,True,0.002793579415290042,0.000979164317354893,0.11528951332921455,0.15835868949716037,0.003772743732644935,0.1545824989696109,0.5561255501709917,13.501705736651477,19.389707384159074,0.40154305120138084,5.888001647507597
Chromosome 1p/19q codeletion status,Non-codeleted,"0,10,20,30",0.001,0.0005,True,0.002793579415290042,0.000979164317354893,0.11528951332921455,0.15835868949716037,0.003772743732644935,0.33537772958959006,0.6032878133048566,15.999066155928784,19.643486193122314,0.26791008371526653,3.6444200371935302
Chromosome 1p/19q codeletion status,Codeleted,"0,10,20,30",0.005,1e-05,True,0.0034061015078452007,0.0010479025492996005,0.13500929718590193,0.16753591347889685,0.004454004057144801,0.23895942705664872,0.6323794557953426,14.441389935826816,20.032760085992894,0.39342002873869386,5.591370150166078
Chromosome 1p/19q codeletion status,Non-codeleted,"0,10,20,30",0.005,1e-05,True,0.0034061015078452007,0.0010479025492996005,0.13500929718590193,0.16753591347889685,0.004454004057144801,0.268581193682485,0.5391482840836679,14.835586508878052,18.823767464529034,0.2705670904011829,3.988180955650982
Chromosome 1p/19q codeletion status,Codeleted,"0,10,20,30",0.005,5e-05,True,0.0034071231452054256,0.0010520323922479028,0.1351737011969404,0.1669855225957747,0.004459155537453329,0.24007085736330394,0.6335397429223224,14.461334753630641,20.046909453051303,0.3934688855590185,5.585574699420661
Chromosome 1p/19q codeletion status,Non-codeleted,"0,10,20,30",0.005,5e-05,True,0.0034071231452054256,0.0010520323922479028,0.1351737011969404,0.1669855225957747,0.004459155537453329,0.2663648289669135,0.5372888097381161,14.805811949829724,18.805685614819325,0.2709239807712026,3.9998736649896003
Chromosome 1p/19q codeletion status,Codeleted,"0,10,20,30",0.005,0.0001,True,0.0034075160300644815,0.0010568573422922794,0.13535102807064547,0.16631317617918273,0.004464373372356761,0.24094067415394355,0.6345473686240254,14.480872802112872,20.06085088320092,0.39360669447008184,5.579978081088049
Chromosome 1p/19q codeletion status,Non-codeleted,"0,10,20,30",0.005,0.0001,True,0.0034075160300644815,0.0010568573422922794,0.13535102807064547,0.16631317617918273,0.004464373372356761,0.26410782820303125,0.5354274977556713,14.774694431558066,18.786566351604108,0.2713196695526401,4.011871920046042
Chromosome 1p/19q codeletion status,Codeleted,"0,10,20,30",0.005,0.0005,True,0.003425575763274418,0.001097541863082128,0.13695134786876317,0.16115098106293602,0.004523117626356547,0.24319705915423778,0.6383282265847223,14.532146803114713,20.113646281709315,0.39513116743048454,5.581499478594601
Chromosome 1p/19q codeletion status,Non-codeleted,"0,10,20,30",0.005,0.0005,True,0.003425575763274418,0.001097541863082128,0.13695134786876317,0.16115098106293602,0.004523117626356547,0.2516263566407811,0.5256792122396076,14.631282775232412,18.709928570573126,0.2740528555988265,4.078645795340714
Chromosome 1p/19q codeletion status,Codeleted,"0,10,20,30",0.01,1e-05,True,0.0040551476603671146,0.0011859042046679302,0.1496907148489416,0.1726384690902003,0.0052410518650350445,0.25680196364735625,0.64585083965376,14.46436970331159,20.07755608044696,0.38904887600640375,5.613186377135371
Chromosome 1p/19q codeletion status,Non-codeleted,"0,10,20,30",0.01,1e-05,True,0.0040551476603671146,0.0011859042046679302,0.1496907148489416,0.1726384690902003,0.0052410518650350445,0.2663602324654002,0.5355572962845367,14.585169493355467,18.67098876211162,0.26919706381913655,4.085819268756152
Chromosome 1p/19q codeletion status,Codeleted,"0,10,20,30",0.01,5e-05,True,0.0040517190765129215,0.0011872478118692957,0.149786580322662,0.17220607171778834,0.005238966888382217,0.2564813398278896,0.6457477312024293,14.462428458808061,20.07825780766436,0.3892663913745397,5.6158293488563
Chromosome 1p/19q codeletion status,Non-codeleted,"0,10,20,30",0.01,5e-05,True,0.0040517190765129215,0.0011872478118692957,0.149786580322662,0.17220607171778834,0.005238966888382217,0.2657213934078772,0.5351500456217109,14.578471025670437,18.66871665525378,0.26942865221383366,4.090245629583345
Chromosome 1p/19q codeletion status,Codeleted,"0,10,20,30",0.01,0.0001,True,0.004047723928496739,0.0011889879879433787,0.14990729986476226,0.17166863423715906,0.005236711916440118,0.25607621418464344,0.6456159491489408,14.459924995984053,20.079093984105192,0.3895397349642974,5.619168988121139
Chromosome 1p/19q codeletion status,Non-codeleted,"0,10,20,30",0.01,0.0001,True,0.004047723928496739,0.0011889879879433787,0.14990729986476226,0.17166863423715906,0.005236711916440118,0.2649289343538359,0.5346468405623832,14.570130786308258,18.66590426354807,0.2697179062085473,4.095773477239813
Chromosome 1p/19q codeletion status,Codeleted,"0,10,20,30",0.01,0.0005,True,0.004028313895878714,0.0012052988285254983,0.1509125724526611,0.16748564078586803,0.005233612724404212,0.2526492305069262,0.644397298933652,14.435488316528701,20.083251143706576,0.3917480684267258,5.647762827177875
Chromosome 1p/19q codeletion status,Non-codeleted,"0,10,20,30",0.01,0.0005,True,0.004028313895878714,0.0012052988285254983,0.1509125724526611,0.16748564078586803,0.005233612724404212,0.25894285737577943,0.5309171027159951,14.507176320451338,18.645863208618735,0.2719742453402157,4.138686888167397
